{"2":{"mean":0.3935061556577541,"stdev":0.41984419813311596,"count":6,"sum":2.3610369339465245,"sqsum":1.9866974714795025},"3":{"mean":0.04583534629182198,"stdev":0.05708481353024602,"count":66,"sum":3.0251328552602508,"sqsum":0.3537306237612971},"4":{"mean":0.0566936512715863,"stdev":0.05608261437603594,"count":179,"sum":10.148163577613948,"sqsum":1.1383379216262153},"5":{"mean":0.05663301941168007,"stdev":0.04221265871071009,"count":292,"sum":16.53684166821058,"sqsum":1.456848573388301},"6":{"mean":0.06454297395939469,"stdev":0.04312397784046822,"count":325,"sum":20.976466536803276,"sqsum":1.958278709500196},"7":{"mean":0.0739262913038437,"stdev":0.04370181870441694,"count":221,"sum":16.33771037814946,"sqsum":1.6298629563872007},"8":{"mean":0.06943961532494586,"stdev":0.0441696626871336,"count":85,"sum":5.902367302620398,"sqsum":0.5756896386615875},"9":{"mean":0.08298663140906351,"stdev":0.030906531350342006,"count":40,"sum":3.3194652563625406,"sqsum":0.3136797869093376},"10":{"mean":0.1323214317489792,"stdev":0.0046930870454917175,"count":4,"sum":0.5292857269959168,"sqsum":0.07012394546446529}}