{"a":{"a":0.016288845725694733,"s":0.8568006390522319,"l":1.1453301478773483,"e":0.22182981097768925,"f":0.07333657516907031,"g":0.268159259317137,"i":0.23243778387128503,"m":0.3974404818262627,"o":0.016417538637748755,"p":0.31419455242903277,"r":1.0628747606541644,"t":1.1808493916042582,"u":0.19864670210624336,"v":0.11830555558108988,"x":0.04149427178656097,"b":0.3662784124074675,"c":0.5537839852701769,"w":0.0702479452797738,"d":0.31603302260123306,"h":0.07699513081174893,"j":0.014395221448328418,"k":0.11216506520594083,"n":1.4243915353156331,"q":0.013053138222622192,"y":0.10799173791504614,"z":0.05508056635912125},"s":{"i":0.5276777088249326,"s":0.9606742037815493,"o":0.2786569240004008,"b":0.032191612715227406,"e":0.672494004289151,"n":0.08734571788123666,"u":0.2884008159130624,"p":0.2519255676966083,"r":0.010313817666043732,"c":0.29919263582387823,"k":0.0749544289206066,"a":0.3174118752303833,"w":0.04963869464940833,"d":0.012391288960630081,"m":0.25692620656499315,"g":0.009302659071333562,"h":0.37513983863747297,"l":0.10218217217089316,"t":1.05934489792354,"v":0.022484490206009778,"f":0.016362384532582746,"y":0.0868861003381866,"q":0.0303899119464711,"j":0.002316472416972389,"z":0.0024819347324704167,"x":0.0001286929120540216},"i":{"a":0.6890770052423977,"i":0.02138140810268959,"z":0.2488920919124778,"s":1.1569125099622102,"k":0.07830044463401115,"p":0.21241684369602368,"o":0.6484100450333269,"c":0.9333913064260967,"d":0.4498552664356935,"e":0.4928754684651808,"f":0.16389961585165752,"h":0.01364144867772629,"m":0.2518704135914423,"r":0.24106020897890446,"x":0.025683428305638314,"n":1.8516336186332627,"t":0.755960550107045,"g":0.21633278516281032,"y":0.005680872832098954,"l":0.5724260728162881,"b":0.13783010880985713,"j":0.006508184409589093,"q":0.01584761288436666,"u":0.08611394286586246,"v":0.21600186053181425,"w":0.006085336269983022},"e":{"e":0.249958404612354,"c":0.3694405811036521,"s":2.139335815880889,"l":0.6746082449871813,"p":0.24545415269046322,"d":0.756089243019099,"f":0.10497664683263763,"m":0.36116746532875066,"t":0.5630866443415106,"w":0.08267600364384788,"a":0.47677046975670606,"g":0.13312362516902435,"u":0.14148866445253575,"n":1.203002957179272,"x":0.13920896143900738,"r":2.0871600323938444,"h":0.04857238194953216,"v":0.11501469397285133,"y":0.08944157387754502,"b":0.10431479757064552,"z":0.019818708456319327,"o":0.15204148324096553,"i":0.15696858330246236,"k":0.03018768022752907,"q":0.024635500307484133,"j":0.011821363207247984},"m":{"s":0.20603735219848857,"a":0.6809509670812723,"d":0.004871945956330817,"e":0.59612395333595,"b":0.1381794181425752,"c":0.014248143834552394,"i":0.5282844039817587,"l":0.012887675907124165,"o":0.38205248648494616,"p":0.19842608568557932,"r":0.006581723216477105,"t":0.004688098939110787,"u":0.13358324271207442,"v":0.0031253992927405246,"y":0.08175676855774772,"h":0.0033827851168485683,"m":0.10755050507371805,"n":0.030408296648193105,"w":0.00393432616850866,"f":0.008401808686955411,"g":0.002316472416972389,"j":0.0007721574723241296,"x":0.00018384701722003088,"k":0.0018200854704783056,"q":0.0002757705258300463,"z":0.000625079858548105},"p":{"s":0.14613999398820254,"p":0.11049205734923855,"c":0.005570564621766935,"u":0.11707378056571564,"o":0.3762429207407932,"a":0.38424026598986455,"b":0.006581723216477105,"d":0.003658555642678614,"e":0.5158011915125186,"g":0.002390011223860401,"i":0.31195161881894834,"j":0.000827311577490139,"m":0.007666420618075287,"r":0.3883032850704272,"t":0.13121161618993604,"h":0.4895662221552202,"y":0.05193678236465872,"l":0.20655212384670468,"n":0.014045912115610357,"f":0.006085336269983022,"k":0.0025922429428024353,"v":0.0008456962792121421,"w":0.005515410516600926,"z":0.00020223171894203393,"x":0.00007353880688801235,"q":0.0001470776137760247},"r":{"c":0.17013202973541658,"p":0.10238440388983519,"s":0.6216051499226464,"a":1.0927682856541416,"n":0.15055232240148328,"v":0.05695580593476557,"f":0.04684421998766387,"u":0.2038495726935702,"i":1.108009203381682,"o":0.9358548564568451,"e":1.1533826472315858,"m":0.1947675300429007,"q":0.005386717604546905,"r":0.1839205560269189,"l":0.09508567730619996,"t":0.2802931624536591,"g":0.12371065788735877,"h":0.06331691273057863,"d":0.20000717003367158,"b":0.09813753779205248,"y":0.22344766472922553,"w":0.029985448508587035,"k":0.07197610724164208,"z":0.006912647847473161,"j":0.005809565744152975,"x":0.0006802339637141142},"t":{"e":1.2613927698483538,"s":0.410898083486769,"h":0.5211879091170655,"p":0.013200215836398216,"u":0.22068995947092507,"d":0.006710416128531126,"r":0.5869316024749486,"a":0.6681919840862022,"c":0.059529664175846,"m":0.02930521454487292,"b":0.017539005442790946,"f":0.021013714068249527,"i":1.4040948246145417,"k":0.0034747086254585833,"l":0.09692414747840027,"n":0.025150271955700222,"o":0.6690192956636923,"t":0.21528485716465615,"v":0.005092562376994856,"w":0.036346555304400105,"y":0.21043129591004733,"z":0.022153565575013717,"g":0.009247504966167552,"j":0.0026841664514124504,"x":0.00018384701722003088,"q":0.0004412328413280741},"c":{"h":0.6727330054115369,"s":0.07247249418813617,"a":0.6757480964939454,"b":0.0017833160670342994,"c":0.07403519383450644,"r":0.2479177027212116,"t":0.27959454378822296,"d":0.0038424026598986452,"e":0.45298066572843404,"f":0.00148916083948225,"g":0.0018568548739223117,"k":0.23863342835160006,"l":0.15820035831783658,"m":0.003824017958176642,"o":0.7215811578868991,"p":0.0023532418204163952,"u":0.21530324186637817,"v":0.000643464560270108,"w":0.0009376197878221574,"i":0.3406685229087172,"n":0.008861426230005487,"q":0.006214029182037044,"y":0.10490310802574962,"z":0.002573858241080432,"j":0.00011030821033201853,"x":0.00009192350861001544},"h":{"s":0.101244552383071,"c":0.005331563499380895,"e":0.6110523311342166,"a":0.5063882242308531,"l":0.056588111900325505,"q":0.000625079858548105,"r":0.12196411122376846,"u":0.10918674352697634,"i":0.4877277519830199,"y":0.22368666585161154,"o":0.47246844955375733,"m":0.03384623587020768,"n":0.03851595010759647,"d":0.005386717604546905,"g":0.0032540922047945464,"h":0.0037872485547326357,"t":0.07785921179268308,"k":0.0042468660977827135,"v":0.0028680134686324818,"w":0.015994690498142686,"z":0.0009008503843781513,"b":0.011104359840089865,"f":0.00792380644218333,"j":0.0007170033671581204,"p":0.006048566866539016,"x":0.000018384701722003088},"u":{"p":0.14246305364380193,"w":0.0022797030135283825,"s":0.5997089701717407,"u":0.0027209358548564567,"a":0.12768175345931143,"c":0.1422792066265819,"d":0.11187090997838878,"e":0.11529046449868134,"i":0.1287112967557436,"m":0.27641399039031644,"r":0.45235558586988595,"t":0.2704205776289434,"x":0.014266528536274395,"n":0.6650114306882957,"l":0.3947930847782942,"b":0.14617676339164654,"k":0.02472742381609415,"z":0.012372904258908078,"j":0.003971095571952667,"f":0.032393844434169435,"y":0.006931032549195164,"h":0.0057176422355429595,"g":0.0780430588099031,"q":0.0022797030135283825,"o":0.028551441774270794,"v":0.016049844603308695},"v":{"s":0.008070884055959356,"t":0.0008824656826561482,"e":0.48235941908019503,"a":0.1685141759838803,"o":0.07592881811187274,"c":0.0007353880688801235,"d":0.0009008503843781513,"i":0.26703779251209486,"l":0.0027209358548564567,"m":0.00047800224477208026,"y":0.005570564621766935,"r":0.0047984071494428055,"k":0.0007905421740461326,"n":0.00148916083948225,"u":0.013439216958784257,"v":0.0019855477859763333,"g":0.0004412328413280741,"p":0.00036769403444006176,"x":0.00007353880688801235,"z":0.00018384701722003088,"h":0.00033092463099605555,"b":0.00007353880688801235,"f":0.00018384701722003088,"j":0.000018384701722003088,"w":0.00007353880688801235},"g":{"r":0.23370632829010324,"i":0.25688943716154916,"s":0.18307485974770674,"e":0.37572814909257707,"c":0.002334857118694392,"d":0.005754411638986966,"l":0.15415572393899588,"m":0.0244516532902641,"n":0.07960575845627336,"u":0.12644997844393724,"o":0.16645508939101594,"a":0.26413300964001835,"t":0.011398515067641914,"y":0.058904584317297885,