{"2":{"mean":0.397813921079991,"stdev":0.3641854906822101,"count":16,"sum":6.365022737279856,"sqsum":4.654191798855671},"3":{"mean":0.02519776466975671,"stdev":0.043300589294126016,"count":83,"sum":2.0914144675898068,"sqsum":0.20831907533839464},"4":{"mean":0.0505909521402062,"stdev":0.05777920125541086,"count":525,"sum":26.560249873608257,"sqsum":3.0963872814871007},"5":{"mean":0.056846013120675234,"stdev":0.047649343512117595,"count":921,"sum":52.35517808414189,"sqsum":5.067276742408475},"6":{"mean":0.0669997893731696,"stdev":0.047920942064886146,"count":1244,"sum":83.34773798022297,"sqsum":8.441023249757468},"7":{"mean":0.07195987242461606,"stdev":0.04776786897290924,"count":998,"sum":71.81595267976682,"sqsum":7.445072560488883},"8":{"mean":0.0713949126887001,"stdev":0.04469846996201406,"count":575,"sum":41.05207479600256,"sqsum":4.0797323954940055},"9":{"mean":0.0765954378576733,"stdev":0.04628302837910627,"count":267,"sum":20.45098190799877,"sqsum":2.138397611018809},"10":{"mean":0.08571787414130382,"stdev":0.047577828292995096,"count":89,"sum":7.628890798576039,"sqsum":0.8553971286220092},"11":{"mean":0.0835358903007884,"stdev":0.039478411963216165,"count":36,"sum":3.007292050828382,"sqsum":0.3073244392613794},"12":{"mean":0.08209696209712959,"stdev":0.04364345258842314,"count":5,"sum":0.41048481048564794,"sqsum":0.043223310697077355}}